Pos,Oligo(5'->3'),Overall (kcal/mol),Tm-Dup (degC),Hybeff,fGC
2571,AGAAAGACGAAAATCGCGCA,-10.6,54.3,0.6070428017,0.45
2422,ATACGTACCACGCCCACTGC,-9.4,73.5,0.6302959845,0.6
976,GGCTTGCTGGTAGAAATTGT,-11,66.6,0.6430329264,0.45
1257,TAGGCATCGTAATCCGAGTT,-10.2,66.2,0.6749103728,0.45
1559,GATTTGTTAGAATCGGCACC,-10.9,64.1,0.8134045465,0.45
1087,TTGGGTTCTGCAGCTTGGCT,-10.5,79.7,0.8295904643,0.55
307,GCTGGTGAGTTCATGGGCCA,-10.5,80.1,0.8522947359,0.6
1058,GTGGAGCCAAATTGATTGGT,-11,65.3,0.8626587585,0.45
1383,ATCGTCAGTCCGGATACACA,-11.3,69.1,0.890467619,0.5
420,GTCATGTTGTTCTCGCTGGT,-11.9,76.5,0.9231273126,0.5
560,TGCCCGTCAGTTTTCGATAT,-12,70.3,0.9251857982,0.45
1946,GAATTCCGTAAAAGCAGCGA,-12.6,59.4,0.9293859671,0.45
1229,GCAGAGAATCGTTGTAGGTT,-12.7,66.3,0.9501878939,0.45
516,ATTCCATTCTGGGCGTGGCT,-11.4,77.7,0.9599774523,0.55
487,GGCGCGCACCTCACTATCTA,-10.6,75.8,0.9667892792,0.6
1485,ACCAAAGGCTTGCCGCGCAT,-11.6,73,0.9723195105,0.6
704,GGTTGAGCACCATATCCAGG,-12,72.9,0.9770414761,0.55
1357,TGACTGCAGGACGCGTTCGT,-10.5,72.3,0.9778586537,0.6
1463,TGTCCACCGATCCGATATTG,-13.1,67.4,0.9822793608,0.5
277,CTTCCACAACTCCGGCAATT,-13.3,68,0.9871271681,0.5
465,TCGGGATATTCCTCGCGCAC,-12.1,72.6,0.9888395618,0.6
43,ACTGATCGGTTTGCTGGGGA,-13.4,72.7,0.9902032388,0.55
1184,GCGTCATTTCGTGGCGTCTC,-12.4,77,0.9916221868,0.6
1027,ATCGGGGCTGTAGATGTTGA,-13.9,70.2,0.9936155727,0.5
375,TCCTTGGTGGAAATCTGAGT,-13.5,66.5,0.9942977656,0.45
584,CGTTGTCGTGCAGTGGAAAT,-14.3,65.7,0.9955561351,0.5
16,TGTGACTGCGGCCATCGCTT,-12.8,76.2,0.9960300897,0.6
826,GCTGGTGTTCAGCTGGGACA,-13.2,79.1,0.9970813652,0.6
953,GATGCTTCCAATTATCCTGG,-15,67.1,0.9984558009,0.45
1720,GGCCTGAAAGCAATCAAATC,-15.5,59,0.9986403877,0.45
538,ACTCTTGATGCTCGATATCG,-14.7,63.6,0.9988199666,0.45
106,GGTCACCCGCTTTTTCACGG,-14.3,75.6,0.9994999077,0.6
398,TGCTGTTGCTGTTGTAGGTG,-15,73.9,0.999502559,0.5
1437,ATCTGAGTACCCTCGGGTAA,-14.8,70.5,0.9995689338,0.5
761,GTGGTATGTTCTCCAGGGAC,-15.1,75.5,0.9996022062,0.55
1751,GTTCCTTGGAACCGGTGACT,-14.9,72.2,0.9996106317,0.55
1642,GCATTCGCTTCGGATAAACT,-15.7,63.2,0.9997050573,0.45
1537,TCGCATATTGTGCATCTCCT,-15.1,71.7,0.999713473,0.45
330,TGCAACTGCTGGCTGCTCTG,-15.1,75.4,0.9997160687,0.6
1509,AGCCGAAAATCGTGCTCGAT,-15.8,63.4,0.9998533534,0.5
911,CCTCATTGGCCATTTGATGC,-15.6,71.9,0.9998648492,0.5
1206,CTGGTTAAAATCGTTGGCGT,-16.4,62.3,0.9998860221,0.45
2691,GAGCTGTAAATTACGCCAGA,-16.4,63.1,0.9998998759,0.45
1788,ACGCGCTGCCGACCGATTTT,-15.9,72.3,0.9999272772,0.6
854,CATCCGTTATCTTGGGCACG,-17.1,70.2,0.9999487791,0.55
1151,TGCCGTTAAATGGATGCACA,-17.2,63.5,0.9999620236,0.45
1690,CCTTTCGTTGATTAGACAGG,-18.1,64.6,0.9999762113,0.45
2151,GCTTTTGGGATAGCAGCAAA,-17.4,65.6,0.9999785207,0.45
